Branch Index,Predicted Probability,True Label
11,0.9973005652427673,0.9999989867210388
12,0.023139799013733864,9.999999974752427e-07
15,0.018621200695633888,0.0
16,0.9974852800369263,1.0
54,0.7726563811302185,0.8571419715881348
55,0.1253897249698639,0.14285799860954285
61,0.5662546753883362,0.6666666865348816
62,0.35431668162345886,0.3333333432674408
68,0.8866864442825317,0.8000010251998901
69,0.09204838424921036,0.19999894499778748
108,0.9582405090332031,1.0
109,0.02428159862756729,0.0
