Branch Index,Predicted Probability,True Label
11,0.9733126759529114,0.9999989867210388
12,0.03486013785004616,9.999999974752427e-07
15,0.029059138149023056,0.0
16,0.9963472485542297,1.0
54,0.7455546259880066,0.8571419715881348
55,0.2183322012424469,0.14285799860954285
61,0.5898304581642151,0.6666666865348816
62,0.4699443280696869,0.3333333432674408
68,0.8649670481681824,0.8000010251998901
69,0.15281866490840912,0.19999894499778748
108,0.9649435877799988,1.0
109,0.02935830131173134,0.0
